<?xml version="1.0" encoding="utf-8"?>
<HotfixInstallationInfo xmlns:xsi="http://www.w3.org/2001/XMLSchema-instance" xmlns:xsd="http://www.w3.org/2001/XMLSchema">
  <Name>c4bebfed-b13a-487b-9002-ca910eadecc8</Name>
  <Description>Deployable package created from visual studio</Description>
  <InstallationDateTime>0001-01-01T00:00:00</InstallationDateTime>
  <InstallationInfoFilePath>C:\Users\Adminbb3046133b\AppData\Local\Temp\tmp3EA5.tmp\HotfixInstallationInfo.xml</InstallationInfoFilePath>
  <Version />
  <Publisher>Non-Microsoft</Publisher>
  <GeneratedFromAXMetadata>false</GeneratedFromAXMetadata>
  <Type>ApplicationPackage</Type>
  <IncludedDeployablePackages />
  <ServiceModelList />
  <OtherComponentList />
  <MetadataModuleRelease>Update29</MetadataModuleRelease>
  <MetadataModuleList />
  <MetadataModelList />
  <PlatformReleaseDisplayName>Update29</PlatformReleaseDisplayName>
  <PlatformVersion>7.0.5372.35448</PlatformVersion>
  <IsCompatibleWithSealedRelease xsi:nil="true" />
  <IsCompatibleWithApp81PlusRelease xsi:nil="true" />
  <AllComponentList />
</HotfixInstallationInfo>